locus_allele,5prime_cutadapt,3prime_cutadapt,5prime_edit,3prime_edit,ref,alt
rpoB_wide,CTGGGCGATCTG,GACCGTAGTGAG,CAGTTTATGG,CCAGAACAAC,A,G
gyrA_ultrawide,TGGGCAATTTTC,GTTCATGGCGTA,ATAGACCGCC,AGTCACCATG,G,A
coaD_his,TGGTGAAAGAGG,GCGCATGAATTA,GAAGTTAGCG,AGCGTTTATG,T,CATCACCATCACCATCACT
hda_his,CTATGGATTAAC,CGACGCACGATC,ACCTTATCTA,AACTTCAGAA,C,GTGATGGTGATGGTGATGC
coaD_strep,TGGTGAAAGAGG,GCGCATGAATTA,GAAGTTAGCG,AGCGTTTATG,T,TGGAGCCATCCACAATTCGAGAAGT
hda_strep,CTATGGATTAAC,CGACGCACGATC,ACCTTATCTA,AACTTCAGAA,C,CTTCTCGAATTGTGGATGGCTCCAC
rpoB_plus,CTGGGCGATCTG,GACCGTAGTGAG,TCAGTTTATG,CAGAACAACC,GAC,GGC
gyrA_plus,TGGGCAATTTTC,CTAGTACGTTCA,GATCGTGTCATAGAC,AGTCACCATGGGGAT,CGCCG,GGCCA
rpoB_het_full,CTGGGCGATCTG,GACCGTAGTGAG,GCTGTCTCAGTT,CCGCTGTCTGAG,TATGGACCAGAACAAC,CATGGATCAAAATAAT
gyrA_het_full,TGGGCAATTTTC,GTTCATGGCGTA,GACGATCGTGTC,CCATGGGGATGG,ATAGACCGCCGAGTCA,GTACACGGCGGAATCG